<?xml version="1.0" encoding="utf-8" standalone="no" ?>
<modDesc descVersion="79">
    <title>
        <de>Realistisches Schadenssystem</de>
        <en>Realistic Damage System</en>
        <fr>Système De Dommages Réaliste</fr>
        <ru>Realistic Damage System</ru>
    </title>
    <description>
        <de>
<![CDATA[Der Mod "Fahrzeugwartung" aus dem LS19 kehrt mit neuen Funktionen in den LS22 zurück!

Mit diesem Script machen Sie die Wartung Ihres Fahrzeugs um einiges komplexer und müssen sich tatsächlich überlegen, wann Sie Schäden an Ihrem Fahrzeug reparieren wollen.
An jedem Fahrzeug treten mit der Zeit Schäden auf. Manche von ihnen bekommen Sie im Hilfefenster mitgeteilt, manche müssen Sie erst durch eine einstündige Inspektion finden.
Um eine Inspektion zu starten oder die Schäden zu reparieren, müssen Sie eine Palette im Shop kaufen, nah an diese heranfahren und anschließend das Wartungsmenü aufrufen (standardmäßig STRG + J). In diesem Menü können Sie auswählen wie viele Schäden repariert werden sollen. Des Weiteren bekommen Sie angezeigt wie viel eine Reparatur mit der aktuellen Auswahl kosten und wie lange sie dauern würde. 

Sobald eine Wartung oder Inspektion gestartet wurde, wird sie nur während den Arbeitszeiten von 7:00 - 21:00 Uhr durchgeführt. Sollte sie dennoch in ein Zeitfenster fallen, wo nicht gearbeitet wird, wird sie bis zum Morgen pausiert.

Wenn Sie die Schäden, die Ihr Fahrzeug im Laufe der Zeit erlitten hat, nicht reparieren, braucht es länger, um anzuspringen, könnte fehlstarten und wird absterben, wenn der Motor übermäßig belastet wird.

Beim ersten Spielstart mit diesem Mod, schaut das Script den aktuellen Fahrzeugschaden an und fügt so viele Schäden hinzu, die diesen Fahrzeugschaden verursacht hätten. Diese sind bereits bekannte, müssen also nicht erst durch eine Inspektion aufgedeckt werden und können direkt über das Wartungsmenü repariert werden.

Sollten Sie mit der neusten Version des Mods CVT_Addon spielen, so nimmt Ihr Getriebe durch unsachgemäße Bedienung an Schaden zu. Unter 90% Schaden, kann das Getriebe für Geld und viel Zeit repariert werden - ab 90%, muss dieses ausgetauscht werden. Dies kostet deutlich mehr Geld, geht aber schneller.

Zusätzlich können die Kosten für die Reparatur und die Menge der Schäden im ESC-Menü mit dem Mod "Reparatur und Lackiereinstellungen (Configure Maintenance)" eingestellt werden.

- Vollständige lokaler Multiplayer und Dedicated Server Unterstützung
- Unterstützung des Mods "CVT_Addon"
- Unterstützung des Mods "Reparatur Und Lackierungseinstellungen (Configure Maintenance)"
- Kompatibel mit dem Mod "Erweiterte Wartung (Advanced Maintenance)"
- Kompatibel mit dem Mod "Fortgeschrittener Farm Manager (Advanced Farm Manager)"
- Kompatibel mit dem Mod "Auto Repair"
- Kompatibel mit dem Mod "Mobile Werkstatt" (ersetzt nicht die Wartungspallete!)
- Ingame Tutorial verfügbar
(Konsolenbefehl "rdsResetTutorial" verfügbar, um das ingame Tutorial für sich selbst neu zu starten)
- Hilfe im ESC-Menü verfügbar
- Bei Aktivierung des automatischen Motorstarts, wird die Funktion des Motorabsterbens deaktiviert
- Konsolenbefehl "rdsResetDamages" verfügbar, um alle Schäden zurückzusetzen
- Konsolenbefehl "rdsResetInspection" verfügbar, um die Zeit bis zur nächsten Inspektion zurückzusetzen
- Konsolenbefehl "rdsStopActiveRepair" verfügbar, um alle aktiven Inspektionen oder Wartungen direkt abzuschließen
- Konsolenbefehl "rdsDebug" verfügbar, um einen Debug in die Konsole zu schreiben


Kontakt:
- Kontakt und neuste Updates: https://github.com/Frvetz/FS22_RealisticDamageSystem
- Kontakt E-Mail: RealisticDamageSystem@gmail.com
- Kontakt Discord: https://discord.com/invite/mfergkwhDu
    ]]>
	</de>
	<en>
<![CDATA[The mod "Extended Vehicle Maintenance" from FS19 returns to FS22 with new features!

With this script you will make the maintenance of your vehicle a lot more complex and actually have to think about when you want to repair damages of your vehicle.
Damages occur on every vehicle over time. Some of them you will be notified of in the help window, some you will have to find through a one-hour inspection. 
To start an inspection or repair the damages, you need to buy a pallet in the shop, drive close to it and then call up the maintenance menu (by default CTRL + J). In this menu you can select how many damages you want to repair. You will also be shown how much a repair would cost with the current selection and how long it would take. 

Once a maintenance or inspection has been started, it will only be carried out during the working hours from 7:00 - 21:00 o'clock. However, if it falls within a time window when no work is being carried out, it will be paused until the morning.

If you don't repair the damages your vehicle has suffered over time, it will take longer to start, risk false starts and stall if the engine is under excessive load.

The first time you start the game with this mod, the script looks at the current vehicle damage and adds the number of damages that would have caused this vehicle damage. These damages are already known, so they do not have to be found by an inspection and can be repaired straight away via the maintenance menu.

If you are playing with the latest version of the CVT_Addon mod, improper vehicle operation increases wear on the gearbox. Below 90% damage, the gearbox can be repaired for money (maximum 10.769,-) and a lot of time (maximum 11hrs) - above 90%, the gearbox must be completely replaced. This costs considerably more (15.000,-), but takes less time (7 hours) 

In addition, the costs for the repair and the amount of damages can be set in the ESC menu with the "Repair and paint settings (Configure Maintenance)" mod.

- Full local multiplayer and dedicated server support
- Supports the mod "CVT_Addon"
- Supports the mod "Repair and paint settings (Configure Maintenance)"
- Compatible with the mod "Advanced Maintenance"
- Compatible with the mod "Advanced Farm Manager"
- Compatible with the mod "Auto Repair"
- Compatible with the mod "Mobile Workshop" (does not replace the maintenance pallet!)
- In-game tutorial available
(Console command "rdsResetTutorial" available to restart the in-game tutorial for yourself)
- Help available in the ESC menu
- When activating the automatic engine start, the engine stall function is deactivated
- Console command "rdsResetDamages" available to reset all damages
- Console command "rdsResetInspection" available to reset the time until the next inspection
- Console command "rdsStopActiveRepair" available to complete all active inspections or maintenance immediately
- Console command "rdsDebug" available to write a debug to the console

Contact:
- Contact and latest updates: https://github.com/Frvetz/FS22_RealisticDamageSystem
- Contact email: RealisticDamageSystem@gmail.com
- Contact discord: https://discord.com/invite/mfergkwhDu
]]>	
	</en>	
	<fr>
<![CDATA[Le mod "Maintenance Du Véhicule" de FS19 revient dans FS22 avec de nouvelles fonctionnalités !

Avec ce script, vous allez rendre l'entretien de votre véhicule beaucoup plus complexe et vous allez devoir réfléchir au moment où vous voulez réparer les dommages de votre véhicule.
Chaque véhicule subit des dommages au fil du temps. Certains d'entre eux vous seront signalés dans la fenêtre d'aide, d'autres devront être découverts lors d'une inspection d'une heure. 
Pour lancer une inspection ou réparer les dommages, vous devez acheter une palette dans l'atelier, rouler à proximité et appeler le menu d'entretien (par défaut CTRL + J). Dans ce menu, vous pouvez sélectionner le nombre de dommages que vous souhaitez réparer. Vous verrez également combien coûterait une réparation avec la sélection actuelle et combien de temps elle prendrait. 

Une fois qu'un entretien ou une inspection a été lancé, il ne sera effectué que pendant les heures de travail, de 7h00 à 21h00. Toutefois, s'il tombe dans une fenêtre de temps où aucun travail n'est effectué, il sera mis en pause jusqu'au matin.

Si vous ne réparez pas les dommages que votre véhicule a subis au fil du temps, il mettra plus de temps à démarrer, risque de faire des faux départs au démarrage et de caler en cas de charge excessive du moteur.

La première fois que vous démarrez le jeu avec ce mod, le script examine les dommages actuels du véhicule et ajoute le nombre de dommages qui auraient causé ces dommages au véhicule. Ces dommages sont déjà connus, ils ne doivent donc pas être trouvés par une inspection et peuvent être réparés directement via le menu de maintenance.

Si vous jouez avec la dernière version du mod CVT_Addon, une mauvaise utilisation du véhicule augmente l'usure de la boîte de vitesses. En dessous de 90% de dommages, la boîte de vitesses peut être réparée pour une somme d'argent (maximum 10 769 euros) et beaucoup de temps (maximum 11 heures) - au-delà de 90 %, la boîte de vitesses doit être entièrement remplacée. Cela coûte beaucoup plus cher (15 000 euros), mais prend moins de temps (7 heures). 

En outre, les coûts de réparation et le montant des dommages peuvent être définis dans le menu ESC avec le module "Réparation Et Réglages De La Peinture (Configure Maintenance)".

- Prise en charge complète du multijoueur local et du serveur dédié
- Prise en charge du mod "CVT_Addon"
- Prise en charge du mod "Réparation Et Réglages De La Peinture (Configure Maintenance)"
- Compatible avec le mod "Advanced Maintenance"
- Compatible avec le mod "Advanced Farm Manager"
- Compatible avec le mod "Auto Repair"
- Compatible avec le mod "Atelier Mobile" (ne remplace pas la palette de maintenance !)
- Tutoriel disponible dans le jeu
(La commande console "rdsResetTutorial" est disponible pour redémarrer le tutoriel en jeu)
- Aide disponible dans le menu ESC
- Lors de l'activation du démarrage automatique du moteur, la fonction de calage du moteur est désactivée
- La commande console "rdsResetDamages" permet de réinitialiser tous les dommages
- La commande "rdsResetInspection" permet de réinitialiser le délai jusqu'à la prochaine inspection
- Commande console "rdsStopActiveRepair" disponible pour terminer immédiatement toutes les inspections ou maintenances actives
- Commande console "rdsDebug" disponible pour écrire un debug sur la console

Contact :
- Contact et dernières mises à jour : https://github.com/Frvetz/FS22_RealisticDamageSystem
- Courriel du contact : RealisticDamageSystem@gmail.com
- Contact discord : https://discord.com/invite/mfergkwhDu
]]>
	</fr>
    <ru>
<![CDATA[Мод "Extended Vehicle Maintenance" из FS19 возвращается в FS22 с новыми функциями!

С помощью этого скрипта вы сделаете обслуживание вашего автомобиля более сложным и фактически необходимо подумать о том, когда вы хотите ремонтировать повреждения вашего автомобиля.
Повреждения происходят на каждом транспортном средстве с течением времени. О некоторых из них вы будете уведомлены в окне справки, некоторые вы должны найти произведя одночасовую проверку.
Чтобы начать осмотр или ремонт повреждений, вам нужно купить поддон в магазине, подъехать к нему, а затем вызвать меню обслуживания (по умолчанию CTRL + J). В этом меню вы можете выбрать, сколько повреждений вы хотите восстановить. Вам будет показано, во сколько обойдётся ремонт с текущим выбором и сколько времени это займёт.

Техническое обслуживание или осмотр будет проводиться только в рабочее время с 7:00 до 21:00. Однако, если работы попадают на нерабочее время, тогда они приостанавливаются до утра.

Если вы не отремонтировали повреждения вашего автомобиля с течением времени, запуск двигателя займёт больше времени, появится риск ложных запусков и остановки двигателя, если он находится под большой нагрузкой.

В первый раз, когда вы начинаете игру с этим модом, сценарий смотрит на уровень текущего повреждения автомобиля и добавляет количество повреждений, которые могли бы вызваны на этом автомобиль. Эти повреждения уже известны, поэтому их не нужно искать при осмотре и их можно сразу же устранить через меню обслуживания.

Если вы играете с последней версией мода CVT_Addon, неправильная работа транспортного средства увеличивает износ коробки передач. При повреждении ниже 90%, коробка передач может быть отремонтирована за деньги (максимум 10.769,-) и займёт много времени (максимум 11 часов) - при выше 90%, коробка передач должна быть полностью заменена. Это стоит значительно больше (15000,-), но занимает меньше времени (7 часов).

Кроме того, стоимость ремонта и размер ущерба могут быть отрегулированы в меню ESC мода "Repair and paint settings (Configure Maintenance)".

- Полная поддержка локального мультиплеера и выделенного сервера
- Поддерживает мод "CVT_Addon"
- Поддерживает мод "Repair and paint settings (Configure Maintenance)"
- Совместимый с модом "Advanced Maintenance"
- Совместимый с модом "Advanced Farm Manager"
- Совместимый с модом "Auto Repair"
- Совместимый с модом "Mobile Workshop" (не заменяет поддон обслуживания!)
- Доступно интерактивное руководство
(Есть консольная команда "rdsResetTutorial" для повторного запуска обучения)
- Справка, имеющаяся в меню ESC
- При включении автоматического запуска двигателя функция остановки двигателя отключается
- Консольная команда "rdsResetDamages" доступна для сброса всех повреждений
- Консольная команда "rdsResetInspection" доступна для сброса времени до следующей инспекции
- Консольная команда "rdsStopActiveRepair" доступна для немедленного завершения всех активных проверок или технического обслуживания
- Консольная команда "rdsDebug" доступна для записи отладки в консоль

Связь:
- Contact and latest updates: https://github.com/Frvetz/FS22_RealisticDamageSystem
- Contact email: RealisticDamageSystem@gmail.com
- Contact discord: https://discord.com/invite/mfergkwhDu
]]>   
    </ru>
    </description>
    <author>Frvetz</author>
    <version>0.9.0.8</version>
    <iconFilename>icon_RealisticDamageSystem.dds</iconFilename>
    <multiplayer supported="true"/>
    <extraSourceFiles>
		<sourceFile filename="registerRealisticDamageSystem.lua" />		
		<sourceFile filename="src/RepairButton/RealisticDamageSystemShopRepair.lua" />
		<sourceFile filename="src/MotorStart/RealisticDamageSystemMotorStartDialog.lua" />
    </extraSourceFiles>
	
	<l10n filenamePrefix="translations/translation"/>
	
	<actions>
       <action name="VEHICLE_MAINTENANCE"/>
    </actions>
	
	<inputBinding>
        <actionBinding action="VEHICLE_MAINTENANCE">
            <binding device="KB_MOUSE_DEFAULT" input="KEY_lctrl KEY_j"/>
        </actionBinding>
    </inputBinding>
	
    <storeItems>
        <storeItem rootNode="vehicle" xmlFilename="xml/pallet.xml"/>
	</storeItems>

	<vehicleTypes>
        <type name="palletMaintencance" parent="pallet" filename="$dataS/scripts/vehicles/Vehicle.lua">
			<specialization name="RealisticDamageSystem"/>
            <specialization name="wearable" />
        </type>
    </vehicleTypes>
</modDesc>